date,actual_sales,p10,p50,p90,calibrated_lower,calibrated_upper
2017-01-01,19,15.764891991655544,16.36577023939775,23.805895984743707,13.965156188808008,25.605631787591243
2017-01-02,15,10.845833469631087,13.9405168581851,18.164286044826778,9.04609766678355,19.964021847674314
2017-01-03,10,10.61061923438104,11.888813856252616,19.475455618264025,8.810883431533505,21.27519142111156
2017-01-04,16,10.0069449189786,12.912877347688436,19.35616710951887,8.207209116131065,21.155902912366408
2017-01-05,14,11.574369390915505,14.616810576945875,20.788434432338104,9.77463358806797,22.58817023518564
2017-01-06,24,14.50022455889706,15.662878554422576,23.550135226536,12.700488756049523,25.349871029383536
2017-01-07,14,13.203048792894988,15.953353468694523,20.861624546012052,11.403312990047452,22.66136034885959
2017-01-08,20,15.14675919734417,16.11747924586675,21.608779907639253,13.347023394496635,23.40851571048679
2017-01-09,18,10.925109143380695,14.666359325795012,17.382132880234,9.125373340533159,19.181868683081536
2017-01-10,11,11.43914787581249,11.911510803607118,17.465713955198265,9.639412072964953,19.2654497580458
2017-01-11,14,11.56668759204155,14.511033846937156,18.81649958102379,9.766951789194014,20.616235383871327
2017-01-12,17,11.885451641132734,14.123633315031574,20.216998137998146,10.085715838285198,22.016733940845683
2017-01-13,7,14.216676268560237,16.145290241881447,24.34780740592801,12.4169404657127,26.147543208775545
2017-01-14,16,12.014626580592715,15.026478784880624,18.23986952127584,10.214890777745179,20.039605324123375
2017-01-15,29,15.636919687484237,17.1006026730422,20.613064067863437,13.837183884636701,22.412799870710973
2017-01-16,15,9.781064143470797,15.307969829309554,18.223967600996083,7.981328340623261,20.02370340384362
2017-01-17,14,9.354712989071583,9.974629091838537,16.580480684816308,7.554977186224047,18.380216487663844
2017-01-18,10,12.188486053132149,14.691418985587028,18.545653551424852,10.388750250284613,20.34538935427239
2017-01-19,16,11.58651733286202,13.291575595885064,18.086710680522135,9.786781530014483,19.88644648336967
2017-01-20,22,11.766322601120104,13.84721789873036,19.956637772625182,9.966586798272568,21.75637357547272
2017-01-21,13,14.185540556849876,18.414373951425716,22.317242474390106,12.38580475400234,24.116978277237642
2017-01-22,21,15.311919711544395,18.442333137682642,26.907636755218633,13.512183908696858,28.70737255806617
2017-01-23,9,11.493876671396201,14.656610736410618,17.737779945983878,9.694140868548665,19.537515748831414
2017-01-24,18,8.229699668405623,9.23997992471934,16.31540927680526,6.429963865558086,18.115145079652795
2017-01-25,14,10.849259127809113,14.343911343069708,19.883052217478056,9.049523324961577,21.682788020325592
2017-01-26,13,13.418497498560113,16.171664031085886,20.28995955556762,11.618761695712577,22.089695358415156
2017-01-27,10,14.61708859381268,15.29473096259864,22.14767119078167,12.817352790965144,23.947406993629205
2017-01-28,16,12.11027151649626,15.12721814788323,18.285527479242102,10.310535713648724,20.085263282089638
2017-01-29,24,13.952321347846425,17.01175408891081,21.843926577382476,12.152585544998889,23.643662380230012
2017-01-30,9,8.252268198367798,11.136098811493138,16.946657464195546,6.452532395520262,18.746393267043082
2017-01-31,17,8.801904953444897,11.040185401050206,16.868061702345983,7.002169150597361,18.66779750519352
2017-02-01,15,9.968649338838004,13.851625541309827,19.02806766775897,8.168913535990468,20.827803470606508
2017-02-02,17,10.859315747355211,13.979010721758632,18.10097177610881,9.059579944507675,19.900707578956347
2017-02-03,24,13.911073185226565,14.675830536905256,19.30610824015725,12.111337382379029,21.105844043004787
2017-02-04,25,13.892958511181664,18.538717044371268,23.113479919127794,12.093222708334128,24.91321572197533
2017-02-05,25,17.757497378582222,20.439156818475066,26.4487454376498,15.957761575734686,28.248481240497338
2017-02-06,16,10.344675985810602,13.792341601265559,17.35620734929544,8.544940182963066,19.155943152142974
2017-02-07,12,11.138163609913098,14.770015372203007,18.587468897692165,9.338427807065562,20.3872047005397
2017-02-08,20,12.511124433612585,14.905238500524497,18.984373171094866,10.711388630765049,20.784108973942402
2017-02-09,16,13.623489274748808,15.722071629243516,19.876012460112946,11.823753471901272,21.675748262960482
2017-02-10,16,14.994770984203612,17.06639823817099,22.588062589466997,13.195035181356076,24.387798392314533
2017-02-11,18,15.425147993636356,17.524086357967892,25.06813776818285,13.62541219078882,26.867873571030387
2017-02-12,19,17.452438599038295,18.12396370666297,29.12570616690573,15.65270279619076,30.925441969753265
2017-02-13,11,10.81583699602557,13.548076179938397,16.406971537163194,9.016101193178034,18.20670734001073
2017-02-14,15,10.464127393409283,12.542817456549292,17.06001384423827,8.664391590561747,18.859749647085806
2017-02-15,22,12.916510725565987,15.591928905474424,19.85913362965632,11.11677492271845,21.658869432503856
2017-02-16,11,13.756609934090129,18.23129199097696,21.412687300551987,11.956874131242593,23.212423103399523
2017-02-17,17,14.426260947137308,15.50726698077588,20.04064119425941,12.626525144289772,21.840376997106947
2017-02-18,22,13.978753131591805,16.160372015916828,22.12376761899081,12.17901732874427,23.923503421838348
2017-02-19,18,17.550025844729536,18.72511242534625,24.42239374275052,15.750290041882,26.222129545598055
2017-02-20,5,11.26433532563065,12.448683564565066,16.987103612891858,9.464599522783114,18.786839415739394
2017-02-21,14,10.011133487387317,12.674579302829057,18.06173208101167,8.211397684539781,19.861467883859206
2017-02-22,12,13.255690723452425,15.390947268291109,20.79745156736033,11.455954920604889,22.597187370207866
2017-02-23,26,10.613133562930168,15.002227455468372,17.502024507879543,8.813397760082632,19.30176031072708
2017-02-24,15,14.235764046326036,18.240981687773857,21.706821040874246,12.4360282434785,23.506556843721782
2017-02-25,16,14.7066724460856,15.84244718022699,23.302977234450545,12.906936643238064,25.10271303729808
2017-02-26,28,15.779047718986913,18.02007638306469,20.183842335825023,13.979311916139377,21.98357813867256
2017-02-27,12,8.946988987529124,13.077093777976524,16.358352190046656,7.147253184681588,18.158087992894192
2017-02-28,20,11.067618908230239,12.727953806798194,17.34000013202505,9.267883105382703,19.139735934872586
2017-03-01,16,13.866781864235362,18.41089363921636,21.026523889163823,12.067046061387826,22.82625969201136
2017-03-02,23,14.091628238097213,17.804305399325976,20.749553363108024,12.291892435249677,22.54928916595556
2017-03-03,22,16.582632327047204,21.344022074577612,22.560080558642106,14.782896524199668,24.359816361489642
2017-03-04,13,15.714131476188019,19.552641722060027,23.245582687499734,13.914395673340483,25.04531849034727
2017-03-05,25,17.139439150834185,19.944682749133495,27.081028796679174,15.33970334798665,28.88076459952671
2017-03-06,11,10.187900740227164,16.071698089080183,17.96679338347214,8.388164937379628,19.766529186319676
2017-03-07,14,13.431596508115362,15.724176714801091,17.205978757348145,11.631860705267826,19.00571456019568
2017-03-08,17,13.401130071193084,15.682993349641968,19.10340904462751,11.601394268345548,20.903144847475048
2017-03-09,16,12.018772436449748,16.945276474993907,22.826630929116735,10.219036633602212,24.62636673196427
2017-03-10,18,13.666587155429394,17.208586820236786,23.66594944253803,11.866851352581858,25.465685245385565
2017-03-11,15,15.577760983833354,20.299244236705167,23.30239896643535,13.778025180985818,25.102134769282888
2017-03-12,21,15.71419893491966,17.729392634569766,26.920998369251166,13.914463132072123,28.7207341720987
2017-03-13,14,11.818274286574535,14.997291822479992,16.219720381053264,10.018538483727,18.0194561839008
2017-03-14,24,13.663947658288846,16.12152981180901,21.835500245818288,11.86421185544131,23.635236048665824
2017-03-15,22,16.066403643571036,20.142302357257915,22.83181613297922,14.2666678407235,24.631551935826757
2017-03-16,23,12.879301938196773,16.422669661220997,22.43840225570806,11.079566135349237,24.238138058555595
2017-03-17,17,16.479317592768062,19.593275837074394,23.190239250150167,14.679581789920526,24.989975052997703
2017-03-18,20,15.082831392281685,21.063628322787036,22.685397740892757,13.283095589434149,24.485133543740293
2017-03-19,25,15.88727512381856,20.128163300802846,27.18625021025747,14.087539320971024,28.985986013105006
2017-03-20,14,8.822615277084365,16.12268033230501,18.28402785169285,7.022879474236829,20.083763654540387
2017-03-21,13,13.931557670922878,17.8642034470151,21.539009433686,12.131821868075342,23.338745236533537
2017-03-22,23,14.41056488846227,16.504627898196645,21.71247183068526,12.610829085614734,23.512207633532796
2017-03-23,18,17.460874023630993,19.722671657286348,23.00696697098624,15.661138220783457,24.806702773833777
2017-03-24,19,16.666865876289624,20.598540379222694,23.733592879070752,14.867130073442087,25.533328681918288
2017-03-25,20,17.053726581771286,21.257230977221028,23.54321896939245,15.25399077892375,25.342954772239985
2017-03-26,17,19.806807463391145,21.718622136864926,26.87864351884311,18.00707166054361,28.678379321690645
2017-03-27,21,12.691059007670809,16.247064867172245,18.556104522214785,10.891323204823273,20.35584032506232
2017-03-28,13,15.259572978410423,18.866067774092716,23.444060529889505,13.459837175562887,25.24379633273704
2017-03-29,12,13.310748861790653,17.18863307787467,22.779841900622856,11.511013058943117,24.57957770347039
2017-03-30,22,15.319746848797497,16.10182649294699,21.534537180082484,13.52001104594996,23.33427298293002
2017-03-31,13,19.285003488569448,21.944384265669864,23.542371154628004,17.48526768572191,25.34210695747554
2017-04-01,26,15.775482148803423,18.52758198632906,23.06701853659989,13.975746345955887,24.866754339447425
2017-04-02,21,17.087978711835405,22.812976321665506,26.502017740226652,15.288242908987868,28.301753543074188
2017-04-03,17,13.531095802892443,16.27669477559045,19.471802829967125,11.731360000044907,21.27153863281466
2017-04-04,22,14.228676852830406,15.708436489304573,20.238459848210542,12.42894104998287,22.03819565105808
2017-04-05,21,15.466944902113267,20.89015279919608,25.26806747868306,13.667209099265731,27.067803281530598
2017-04-06,25,16.300543092399376,20.05053377148662,23.162388644053188,14.50080728955184,24.962124446900724
2017-04-07,25,17.616721348850536,21.86548707842908,24.224298925949483,15.816985546003,26.02403472879702
2017-04-08,23,19.750366842356787,21.503941032462137,25.11128744731682,17.95063103950925,26.911023250164355
2017-04-09,20,19.819929836422013,22.947687661096587,25.80718644385649,18.020194033574477,27.606922246704027
2017-04-10,19,14.770346550454228,16.973287982881104,20.530334829766538,12.970610747606692,22.330070632614074
2017-04-11,21,16.36285543362639,18.26566615444508,21.818697244372462,14.563119630778854,23.618433047219998
2017-04-12,17,17.55910339020501,18.82218675295664,20.488131605970857,15.759367587357474,22.287867408818393
2017-04-13,25,19.711194754138628,20.60840883566878,26.50191144796303,17.911458951291092,28.301647250810568
2017-04-14,15,16.81141328610839,21.067185364704745,24.209435124699194,15.011677483260854,26.00917092754673
2017-04-15,20,17.131381578221536,21.528530805715157,28.375336026496186,15.331645775374,30.17507182934372
2017-04-16,32,20.905392346186442,22.449896607990027,24.87501233670702,19.105656543338906,26.674748139554556
2017-04-17,13,13.55098851379792,17.372387514051226,21.268455082792,11.751252710950384,23.068190885639535
2017-04-18,21,13.944981617680382,19.61670884775458,21.795257046072688,12.145245814832846,23.594992848920224
2017-04-19,19,17.640594679101433,19.14620693972277,22.74458652577707,15.840858876253897,24.544322328624606
2017-04-20,26,15.93376511292416,21.149563835872982,25.965087393659818,14.134029310076624,27.764823196507354
2017-04-21,27,18.712904164502135,21.458205864767994,25.852376718544534,16.9131683616546,27.65211252139207
2017-04-22,19,19.81479602080546,23.583127814444993,25.45140024599549,18.015060217957924,27.251136048843026
2017-04-23,22,20.11597903935864,26.289563249904926,30.299160214477656,18.316243236511102,32.09889601732519
2017-04-24,17,15.799253743096852,16.340842028731224,20.81336034614622,13.999517940249316,22.613096148993755
2017-04-25,26,13.539027401211188,18.048819767768293,22.449992963706478,11.739291598363652,24.249728766554014
2017-04-26,22,15.313965637980656,18.201213150396303,22.86746451252657,13.51422983513312,24.667200315374107
2017-04-27,26,20.012793528387427,21.160477973281203,25.322079520393686,18.21305772553989,27.121815323241222
2017-04-28,25,18.567213191857995,22.960323657315886,26.457935732985778,16.76747738901046,28.257671535833314
2017-04-29,32,20.364339398345912,25.576732465852416,25.863029552774556,18.564603595498376,27.662765355622092
2017-04-30,33,20.97791951459643,25.362144127344408,29.565542437361362,19.178183711748893,31.365278240208898
2017-05-01,15,13.51662147394252,17.854330544958092,23.6981527359386,11.716885671094984,25.497888538786135
2017-05-02,21,17.692428307139725,20.942121708452856,26.98070297807235,15.892692504292189,28.780438780919887
2017-05-03,29,17.005944283843135,18.35555732961246,25.096993181181833,15.206208480995599,26.89672898402937
2017-05-04,19,20.76646979095973,21.74923390022501,27.634276547170135,18.966733988112193,29.43401235001767
2017-05-05,28,19.726679296827818,21.817407533070394,29.3629360453931,17.926943493980282,31.162671848240635
2017-05-06,34,22.271832277241202,28.231189980785313,32.30518815544067,20.472096474393666,34.104923958288204
2017-05-07,31,21.932912205229822,28.242639978672525,35.312236307716695,20.133176402382286,37.11197211056423
2017-05-08,24,14.439266845831982,18.496622514621468,23.81647204037001,12.639531042984446,25.616207843217545
2017-05-09,32,16.526553364817516,19.791249859961844,26.784302018774376,14.72681756196998,28.584037821621912
2017-05-10,17,18.006483934914243,24.326046719865914,26.3193170296093,16.206748132066707,28.119052832456838
2017-05-11,18,19.09766989359587,22.69221322979994,28.829654622283428,17.297934090748335,30.629390425130964
2017-05-12,26,17.83897288143834,25.068673207947192,31.328205484125025,16.039237078590805,33.12794128697256
2017-05-13,25,19.903312169352752,26.19993112530767,33.387193988039975,18.103576366505216,35.18692979088751
2017-05-14,32,21.381208882476766,28.259473434478224,34.59537189093779,19.58147307962923,36.39510769378533
2017-05-15,17,14.679553651642658,18.545926712733042,24.9588538010366,12.879817848795122,26.758589603884136
2017-05-16,24,19.44105308831699,24.11643592210037,29.25637400468635,17.641317285469455,31.056109807533886
2017-05-17,16,17.427157316117842,21.804507052185027,26.579407632375815,15.627421513270306,28.37914343522335
2017-05-18,32,20.2269417333472,25.5952430078663,26.067210618173636,18.427205930499664,27.866946421021172
2017-05-19,35,23.09012482496478,23.61018346164116,29.47595522979538,21.290389022117242,31.275691032642918
2017-05-20,34,19.526628539622905,25.693712746481296,34.78842199435673,17.72689273677537,36.58815779720427
2017-05-21,25,21.090001125116867,29.137979108971784,37.16949700309241,19.29026532226933,38.969232805939946
2017-05-22,20,14.41765549994939,19.43685161101841,26.90350068083765,12.617919697101854,28.703236483685185
2017-05-23,15,17.266546157281244,22.317198493909867,28.785769071448932,15.466810354433708,30.58550487429647
2017-05-24,30,17.020747963711134,25.364551740951303,25.948830527304086,15.221012160863598,27.748566330151622
2017-05-25,22,20.959407247591166,28.076824341433202,28.686344503186554,19.15967144474363,30.48608030603409
2017-05-26,24,22.658100270187912,26.643720146735895,33.18682343288026,20.858364467340376,34.986559235727796
2017-05-27,35,24.282345091670173,30.38685713661842,39.49438039742274,22.482609288822637,41.294116200270274
2017-05-28,33,21.57162626539781,26.998905545610903,37.86568368722998,19.771890462550274,39.66541949007752
2017-05-29,23,14.780140156489304,18.148337528026925,24.64735238885554,12.980404353641768,26.447088191703077
2017-05-30,17,17.843367125562295,22.805372635320037,28.209319122860087,16.04363132271476,30.009054925707623
2017-05-31,20,18.97746600082139,27.79520627469098,29.873591819928667,17.177730197973855,31.673327622776203
2017-06-01,29,18.54677660040258,23.93196603149481,27.661371169161654,16.747040797555044,29.46110697200919
2017-06-02,25,19.466038990846677,24.19042550076754,31.255885414829375,17.66630318799914,33.055621217676915
2017-06-03,36,21.15571665051788,28.869812056080647,38.65798926371782,19.355980847670345,40.45772506656536
2017-06-04,27,22.267454030599453,30.597267775676077,40.47168266777526,20.467718227751917,42.2714184706228
2017-06-05,22,16.398692657302597,19.589808167825918,26.377259697470596,14.59895685445506,28.17699550031813
2017-06-06,22,18.775529158235475,22.946082657661993,28.825615566657998,16.97579335538794,30.625351369505534
2017-06-07,29,16.652205268453734,24.40865337006922,27.954663765824943,14.852469465606198,29.75439956867248
2017-06-08,26,21.231834490118537,27.086854860309572,27.486461642505542,19.432098687271,29.28619744535308
2017-06-09,16,21.396212383231976,25.548114412044107,30.298418709898467,19.59647658038444,32.09815451274601
2017-06-10,41,20.50390083623358,27.713654049178082,36.99383333237972,18.704165033386044,38.79356913522726
2017-06-11,28,19.912264752851648,27.269516167541326,38.2701001995367,18.112528950004112,40.069836002384235
2017-06-12,23,15.62687857490448,19.496767537668468,25.967048007170145,13.827142772056943,27.76678381001768
2017-06-13,26,18.120348648832557,22.54305849943696,26.146402601431017,16.32061284598502,27.946138404278553
2017-06-14,32,20.884581848819945,26.08172745361491,26.59764171785393,19.08484604597241,28.397377520701465
2017-06-15,30,22.840578085937956,24.715122170398807,31.397610647443827,21.04084228309042,33.19734645029136
2017-06-16,26,21.139121714784835,27.3118415938595,33.207318436233464,19.3393859119373,35.007054239081
2017-06-17,31,21.222691284902574,30.062824203755742,39.0455197726274,19.422955482055038,40.84525557547494
2017-06-18,38,23.461308849710758,29.93560930472191,35.45899789044518,21.66157304686322,37.25873369329272
2017-06-19,30,15.290345368456705,19.926828159788467,25.72272826363435,13.49060956560917,27.522464066481888
2017-06-20,22,18.501928584106583,23.897735985095668,26.143876071836928,16.702192781259047,27.943611874684464
2017-06-21,26,21.44478726183072,27.553114678437232,32.50027247708954,19.645051458983183,34.300008279937074
2017-06-22,24,21.912810863964214,25.921991867143703,29.310821527888177,20.113075061116678,31.110557330735713
2017-06-23,26,21.64026097165768,26.553927247511808,29.5339603844988,19.840525168810142,31.333696187346337
2017-06-24,30,21.134535682129222,30.062824203755742,38.2505732758149,19.334799879281686,40.05030907866244
2017-06-25,26,23.560944230786053,31.66686811955486,40.86195263697301,21.761208427938517,42.661688439820544
2017-06-26,21,18.173190571511906,21.91916539694641,28.106662472686583,16.37345476866437,29.90639827553412
2017-06-27,32,16.889514314512486,23.788221121151658,27.455385568901313,15.08977851166495,29.25512137174885
2017-06-28,50,18.02808085013137,22.365600274382714,27.00156688121113,16.228345047283835,28.801302684058665
2017-06-29,28,19.701096041033274,24.565722414494008,31.27183462118768,17.901360238185738,33.071570424035215
2017-06-30,28,22.80930399589257,26.521406950740147,30.078780762458095,21.009568193045034,31.87851656530563
2017-07-01,31,22.548351484437266,31.520557468899487,38.22844807125557,20.74861568158973,40.02818387410311
2017-07-02,38,21.580330168175145,28.378379439684785,35.321045799578975,19.78059436532761,37.12078160242651
2017-07-03,18,15.51978178883657,19.928725589301,27.475634202074147,13.720045985989033,29.275370004921683
2017-07-04,23,20.609442877824975,26.917091294666477,29.819458949633038,18.80970707497744,31.619194752480574
2017-07-05,23,21.43039896878307,26.809481067977497,32.7033200876621,19.630663165935534,34.503055890509636
2017-07-06,31,22.125037779039673,26.843492210100877,28.77528854808503,20.325301976192137,30.575024350932566
2017-07-07,32,19.71806699624382,27.52641218703884,30.569095926633512,17.918331193396284,32.368831729481045
2017-07-08,27,23.377512604539767,31.357431369575398,40.037084627686404,21.57777680169223,41.83682043053394
2017-07-09,32,23.48217184878252,31.0697031168178,37.96449580116925,21.682436045934985,39.764231604016786
2017-07-10,16,15.805403629245161,20.42993173649253,26.325064630131955,14.005667826397625,28.12480043297949
2017-07-11,23,17.635234415212285,23.3193724536525,28.740072477419996,15.835498612364749,30.539808280267533
2017-07-12,29,18.431131823255402,22.61577540454049,30.718794027308896,16.631396020407866,32.51852983015643
2017-07-13,22,21.91776158543035,27.938044365770306,31.51849031628503,20.118025782582812,33.31822611913256
2017-07-14,38,22.421615289403228,27.657365831360313,31.390638743436874,20.62187948655569,33.19037454628441
2017-07-15,40,21.20772678643654,29.44716424289001,37.337431630356036,19.407990983589006,39.13716743320357
2017-07-16,36,19.799111352311144,29.843245433623384,39.85312890744944,17.999375549463608,41.652864710296974
2017-07-17,20,14.873844648845592,20.33924357680439,27.298662236315085,13.074108845998056,29.09839803916262
2017-07-18,26,18.691521027644065,24.987565798946687,28.077128916492715,16.89178522479653,29.87686471934025
2017-07-19,24,19.755497827328426,25.998594426915233,28.563483619594116,17.95576202448089,30.363219422441652
2017-07-20,37,19.428909887878188,24.37063855887138,27.26857585074349,17.62917408503065,29.068311653591024
2017-07-21,27,18.73360726851035,26.77566286330488,32.53210301081667,16.933871465662815,34.331838813664206
2017-07-22,35,22.46485063601004,30.082896541428607,36.59025131180672,20.665114833162505,38.389987114654254
2017-07-23,32,18.973117493629754,28.17756213970696,35.61626326560936,17.173381690782218,37.4159990684569
2017-07-24,27,15.065775675139301,20.38419687667325,25.14664743425479,13.266039872291765,26.946383237102324
2017-07-25,20,19.4400058839955,24.793373465062604,29.429611959060434,17.640270081147964,31.22934776190797
2017-07-26,28,19.184171753916885,26.542798794726313,30.229023562576323,17.38443595106935,32.02875936542386
2017-07-27,35,19.600212069334926,28.51830187546542,28.804131907477316,17.80047626648739,30.603867710324852
2017-07-28,25,17.61383820342549,26.270642461655978,29.19214477577224,15.814102400577955,30.991880578619774
2017-07-29,30,19.526729991525492,28.528392727819533,33.68412212535355,17.726994188677956,35.48385792820108
2017-07-30,26,19.4108596910137,29.37139566586882,35.20436265254236,17.611123888166166,37.004098455389894
2017-07-31,22,16.069635355947316,21.966504958815168,24.277301408577642,14.26989955309978,26.07703721142518
2017-08-01,18,17.36863724993661,23.86488157771945,26.56327403128263,15.568901447089075,28.363009834130168
2017-08-02,19,18.393924915429587,24.57537579348461,27.588501628337454,16.59418911258205,29.38823743118499
2017-08-03,25,18.505470988255755,23.6901927405084,29.110931567718076,16.70573518540822,30.910667370565612
2017-08-04,26,20.986345198466967,23.6388817620624,26.359505133740196,19.18660939561943,28.159240936587732
2017-08-05,35,19.240988962614633,24.804703496087537,28.573591733042658,17.441253159767097,30.373327535890194
2017-08-06,29,20.535141622800293,25.84195606065945,31.61186422310415,18.735405819952756,33.411600025951685
2017-08-07,20,12.103829164235279,18.389836066074878,23.096508874372976,10.304093361387743,24.896244677220512
2017-08-08,28,17.854744778912362,22.841832951676665,26.409003133604728,16.055008976064826,28.208738936452264
2017-08-09,28,17.488654845914844,22.31718997796279,26.103471677781602,15.688919043067308,27.90320748062914
2017-08-10,31,17.269374881503037,21.29372489784739,25.755727024459055,15.4696390786555,27.55546282730659
2017-08-11,25,21.547028698074364,25.151150261266444,28.728299380085645,19.747292895226828,30.52803518293318
2017-08-12,32,21.591080756013938,27.588526957753952,32.56933182252045,19.7913449531664,34.36906762536798
2017-08-13,32,22.54705199678014,28.967316979857408,32.11612555736543,20.747316193932605,33.915861360212965
2017-08-14,26,14.50185358243981,18.324038511775903,23.93888451527923,12.702117779592275,25.738620318126767
2017-08-15,18,16.905520555360912,23.0499654321842,25.753108238065238,15.105784752513376,27.552844040912774
2017-08-16,24,19.11603975724959,25.92302603992198,26.053842234172958,17.316303954402056,27.853578037020494
2017-08-17,21,20.665730188385265,24.94696048792909,27.598009650099822,18.86599438553773,29.39774545294736
2017-08-18,35,20.158009622763558,24.86662201522047,28.571223543111678,18.358273819916022,30.370959345959214
2017-08-19,29,19.092537916695033,26.443345025066126,32.78158761926839,17.292802113847497,34.58132342211593
2017-08-20,27,21.989315862961362,28.892433651655843,33.05995310430232,20.189580060113826,34.85968890714986
2017-08-21,19,15.964587747174791,19.347593410606457,25.20967746834371,14.164851944327255,27.009413271191246
2017-08-22,28,18.152783071552744,22.18683332051114,25.375418480066955,16.353047268705208,27.17515428291449
2017-08-23,26,17.03770593908193,21.909449034583858,25.597368329876673,15.237970136234395,27.39710413272421
2017-08-24,15,19.125159722102385,22.48501848769409,27.916542991793943,17.32542391925485,29.71627879464148
2017-08-25,30,19.967472824135033,24.347266395214533,30.332939276836388,18.167737021287497,32.13267507968392
2017-08-26,38,19.087503833921858,24.9407107188662,30.60323698742909,17.28776803107432,32.40297279027662
2017-08-27,26,18.744052129925027,24.876268875032117,30.261399088257516,16.94431632707749,32.061134891105056
2017-08-28,15,15.376603738249155,18.052991435295738,24.33436991806814,13.57686793540162,26.134105720915677
2017-08-29,21,17.891623870427868,23.12855396750239,24.571859583712587,16.09188806758033,26.371595386560124
2017-08-30,22,18.68554159113031,21.92193573741024,26.74885984780155,16.885805788282774,28.548595650649087
2017-08-31,26,18.90311980072389,24.630356458344995,26.266910633741254,17.103383997876353,28.06664643658879
2017-09-01,38,18.185310498481485,22.70711808124807,27.144531955652827,16.38557469563395,28.944267758500363
2017-09-02,26,20.843332790942252,28.177063351349187,34.173197832714024,19.043596988094716,35.97293363556156
2017-09-03,23,23.00628372233904,27.911944660705885,31.36797379989596,21.206547919491506,33.1677096027435
2017-09-04,12,15.603272844885794,19.22825342356541,22.073822938082728,13.803537042038258,23.873558740930264
2017-09-05,26,17.413696326600125,21.065319539467946,26.968537620490643,15.613960523752588,28.76827342333818
2017-09-06,24,17.14526368145858,21.0939423352553,27.079202957139813,15.345527878611044,28.87893875998735
2017-09-07,29,19.8022188562975,21.262514347076433,25.591911862017447,18.002483053449964,27.391647664864983
2017-09-08,28,19.810768340183248,24.106027551090182,29.191443348959034,18.011032537335712,30.99117915180657
2017-09-09,28,20.848582544276848,23.952222598991533,30.994988814671682,19.048846741429312,32.79472461751922
2017-09-10,30,22.35503291929498,27.349845725150388,32.864631851773765,20.555297116447445,34.6643676546213
2017-09-11,16,13.966497744643373,18.02626368042166,23.03426657646551,12.166761941795837,24.834002379313045
2017-09-12,20,18.156778364331927,22.800904197192118,25.829248383487695,16.35704256148439,27.62898418633523
2017-09-13,13,17.45778471654655,23.225171547947852,27.593601735948223,15.658048913699012,29.39333753879576
2017-09-14,26,18.700611441724043,21.644537704691505,24.62350561430403,16.900875638876506,26.423241417151566
2017-09-15,28,18.883863290953517,21.87133281305527,27.215483746714984,17.08412748810598,29.01521954956252
2017-09-16,27,21.139710693113166,24.241989275189123,30.417835621721856,19.33997489026563,32.21757142456939
2017-09-17,30,22.06368985732938,27.383836510041974,30.93105911536857,20.263954054481843,32.730794918216105
2017-09-18,22,13.545339289066012,17.233728695922956,20.9853064948143,11.745603486218476,22.785042297661835
2017-09-19,21,17.40094879955773,20.489447331189282,27.5269631907506,15.601212996710196,29.326698993598136
2017-09-20,20,17.758357498537137,23.493061876663663,27.423334380646565,15.958621695689601,29.2230701834941
2017-09-21,20,15.820253693483048,20.882703789907524,26.670562984108678,14.020517890635512,28.470298786956214
2017-09-22,28,19.498588409376133,23.27480599755953,28.736597489602836,17.698852606528597,30.536333292450372
2017-09-23,37,21.17743202402279,24.88022956826017,30.25304361380449,19.377696221175253,32.05277941665203
2017-09-24,24,20.362938509973276,26.428722299967742,32.455759280414334,18.56320270712574,34.25549508326187
2017-09-25,14,14.43515885229534,18.013140077910347,22.306174968431588,12.635423049447803,24.105910771279124
2017-09-26,18,16.3440157636818,20.8027088782723,25.273567446479955,14.544279960834263,27.07330324932749
2017-09-27,27,16.601591731480664,22.17300341166746,23.876836933541586,14.801855928633127,25.676572736389122
2017-09-28,23,18.53096567542445,21.146298978238487,27.56835902219082,16.731229872576915,29.368094825038355
2017-09-29,28,19.829842740151122,22.685225579809316,27.190357305021557,18.030106937303586,28.990093107869093
2017-09-30,30,21.00102272269128,24.614343747593548,31.612077629003245,19.201286919843742,33.41181343185078
2017-10-01,21,20.858015329899878,26.064330512583847,33.393254351654136,19.058279527052342,35.19299015450167
2017-10-02,12,14.501567944145696,18.22560207059865,22.967063835801724,12.70183214129816,24.76679963864926
2017-10-03,18,17.08237013654506,18.89871164979999,25.121771684886404,15.282634333697523,26.92150748773394
2017-10-04,15,16.360647459475107,21.414438352636445,25.201473195058874,14.560911656627571,27.00120899790641
2017-10-05,20,19.23357586228325,23.309865208956573,25.69904066876798,17.433840059435713,27.498776471615518
2017-10-06,19,19.752461152688173,22.85621291116324,28.63934667804465,17.952725349840637,30.439082480892186
2017-10-07,22,18.628407241295157,23.194850219241896,30.755891451211813,16.82867143844762,32.555627254059345
2017-10-08,19,19.906286997820793,25.221037853658686,28.06046440308325,18.106551194973257,29.860200205930788
2017-10-09,9,13.139986664209443,14.201583942949183,18.3923114896185,11.340250861361907,20.192047292466036
2017-10-10,23,13.368190130436682,15.960018499280595,22.185819261060697,11.568454327589146,23.985555063908233
2017-10-11,14,13.700306162951398,17.92309927211113,23.511623436009756,11.900570360103861,25.311359238857293
2017-10-12,24,17.697618427801146,18.52801045969266,23.60687264571791,15.89788262495361,25.406608448565446
2017-10-13,23,16.935307507904476,20.134510759091132,24.696937215516595,15.13557170505694,26.49667301836413
2017-10-14,26,18.63992918402008,23.429935525617058,30.793612550956386,16.840193381172543,32.59334835380392
2017-10-15,28,20.864822439917475,25.02537179866898,27.968229979896943,19.06508663706994,29.76796578274448
2017-10-16,19,11.9115526497011,14.197155116092075,19.304342248773654,10.111816846853564,21.10407805162119
2017-10-17,17,14.370136577729154,16.590166979701173,23.22510488832902,12.570400774881618,25.024840691176557
2017-10-18,15,15.157278091029745,22.16692693432859,22.696142366196586,13.35754228818221,24.495878169044122
2017-10-19,26,17.956176497093058,22.67538597665461,26.42993713877431,16.15644069424552,28.229672941621846
2017-10-20,22,20.07528886090467,22.53508884723276,27.445281692596577,18.275553058057135,29.245017495444113
2017-10-21,26,21.86068917441513,25.035757055976458,29.795823423251736,20.060953371567592,31.595559226099272
2017-10-22,32,22.9087455962581,26.484749208261334,29.095208346071484,21.109009793410564,30.89494414891902
2017-10-23,20,11.080967656252923,16.278388583150452,20.320144720854714,9.281231853405387,22.11988052370225
2017-10-24,23,15.303717248326466,19.442135890372715,24.543491166035995,13.50398144547893,26.34322696888353
2017-10-25,22,14.75958944572261,20.698243833267735,22.598194691425267,12.959853642875073,24.397930494272803
2017-10-26,28,19.986444923605816,20.748559166196344,27.750709948892002,18.18670912075828,29.550445751739538
2017-10-27,20,19.197704633463985,21.128568825146075,27.030111636786504,17.39796883061645,28.82984743963404
2017-10-28,22,21.151080501940058,24.22345387895501,31.42662748852392,19.35134469909252,33.226363291371456
2017-10-29,29,22.28305693478816,25.985175296667492,29.444737329366475,20.483321131940624,31.24447313221401
2017-10-30,22,12.894498738879948,16.10863531736551,19.792588561532924,11.094762936032412,21.59232436438046
2017-10-31,24,15.576764756466329,19.223661123582556,23.287377730348076,13.777028953618792,25.087113533195613
2017-11-01,16,15.956051001193014,19.084479448760085,22.689470467307512,14.156315198345478,24.489206270155048
2017-11-02,21,19.917666155486934,21.55018758676779,25.626786659139665,18.117930352639398,27.4265224619872
2017-11-03,18,20.78677163880488,24.15699180650654,27.350970873456856,18.987035835957343,29.15070667630439
2017-11-04,34,22.14887685202538,25.96570388683907,35.2729283426366,20.349141049177845,37.07266414548413
2017-11-05,23,20.71008243294285,24.83221010820114,28.33673671290767,18.910346630095315,30.136472515755205
2017-11-06,17,12.703359805199545,16.67911787429092,23.008124206164624,10.903624002352009,24.80786000901216
2017-11-07,23,16.56044057905084,20.755061592326406,27.62323996596326,14.760704776203305,29.422975768810797
2017-11-08,14,15.575168720204148,22.562915750041217,24.435600663391387,13.775432917356612,26.235336466238923
2017-11-09,21,20.073001646346263,21.58308923981353,26.787975526122413,18.273265843498727,28.58771132896995
2017-11-10,19,19.82953282437295,22.38850052912745,27.498372564922526,18.029797021525415,29.298108367770062
2017-11-11,24,22.31636761067147,26.3598882868984,33.580956777207064,20.516631807823934,35.3806925800546
2017-11-12,27,21.907553322647562,27.18117287256055,30.955419789635414,20.107817519800026,32.75515559248295
2017-11-13,22,15.135653300572418,19.599689123118864,23.10607291212147,13.335917497724882,24.905808714969005
2017-11-14,16,13.449934697690109,21.598424327527187,26.628889758493887,11.650198894842573,28.428625561341423
2017-11-15,19,14.707701080570871,21.00975960271728,21.265479370699367,12.907965277723335,23.065215173546903
2017-11-16,22,19.72127060179084,21.779760536605746,25.301937905296715,17.921534798943306,27.10167370814425
2017-11-17,25,20.592124474480656,20.680857513144165,25.837687666013057,18.79238867163312,27.637423468860593
2017-11-18,31,21.47820216894879,25.718540568730262,32.59161968960632,19.678466366101254,34.391355492453854
2017-11-19,32,23.603330651820993,27.496975746466536,29.62768473626598,21.803594848973457,31.427420539113516
2017-11-20,21,15.24424749738779,17.654411998046125,23.32891045874548,13.444511694540253,25.128646261593016
2017-11-21,29,18.03450982564194,22.31019771567957,27.085987274645635,16.234774022794404,28.88572307749317
2017-11-22,27,17.32766712069526,21.856469530911696,23.087759190569138,15.527931317847724,24.887494993416674
2017-11-23,25,19.458541560687955,24.009737908547113,27.202177539862724,17.65880575784042,29.00191334271026
2017-11-24,22,20.572466125848337,22.43370886062164,27.539163367342045,18.7727303230008,29.33889917018958
2017-11-25,29,22.364157734648952,26.18681735521502,30.826889635562424,20.564421931801416,32.62662543840996
2017-11-26,24,22.439722177259164,29.020759084444137,30.352224584078364,20.639986374411627,32.1519603869259
2017-11-27,10,16.38275973878472,19.359269890058993,23.70365253704012,14.583023935937184,25.503388339887657
2017-11-28,14,16.94748484401497,20.65165878606996,25.378067251593578,15.147749041167433,27.177803054441114
2017-11-29,28,16.9218306178877,20.300125822343816,24.07133742700982,15.122094815040164,25.871073229857355
2017-11-30,15,15.264503942141994,17.761449897549934,25.87457572689265,13.464768139294458,27.674311529740187
2017-12-01,19,13.274783610163503,16.880819312489486,27.65437874618649,11.475047807315967,29.454114549034028
2017-12-02,16,15.551598992892389,21.630077587493304,32.10957707935876,13.751863190044853,33.909312882206294
2017-12-03,31,14.798607544846488,17.45742949078362,31.52701016351483,12.998871741998952,33.32674596636237
2017-12-04,7,10.284838240950716,11.745460530896935,21.021705181185126,8.48510243810318,22.821440984032662
2017-12-05,20,12.068513009257687,12.754857665436504,22.68648216066447,10.268777206410151,24.486217963512008
2017-12-06,17,11.272024055862847,15.447394760587601,23.57030777530933,9.47228825301531,25.370043578156867
2017-12-07,18,12.222409065516024,12.709807126368423,21.944002448461347,10.422673262668487,23.743738251308883
2017-12-08,17,13.570709135133573,16.780916361107728,22.992619097486358,11.770973332286037,24.792354900333894
2017-12-09,27,13.452680514738708,18.405684479588032,26.82024733757822,11.652944711891172,28.619983140425756
2017-12-10,20,15.84002391869026,24.2553953794107,27.18028255636067,14.040288115842724,28.980018359208206
2017-12-11,20,8.405122200423785,9.01315890863664,17.1384304441421,6.605386397576249,18.938166246989635
2017-12-12,13,9.803872881422713,12.775904749388529,19.228193775585428,8.004137078575177,21.027929578432964
2017-12-13,17,12.908192869175018,14.89976278810921,21.821560114954675,11.108457066327482,23.62129591780221
2017-12-14,14,11.775044930957732,14.319217630794727,20.463487468617043,9.975309128110196,22.26322327146458
2017-12-15,16,12.346651181419968,16.19135699163053,22.140172296115253,10.546915378572432,23.93990809896279
2017-12-16,15,13.746873080312826,18.13218271921469,27.69884077862828,11.94713727746529,29.498576581475817
2017-12-17,22,13.276831645552697,18.895199741572835,25.701150235242526,11.477095842705161,27.500886038090062
2017-12-18,19,10.57696194413321,11.836023081317567,17.19071512556172,8.777226141285674,18.990450928409256
2017-12-19,7,10.594580068498901,10.704226935245964,19.936410308296665,8.794844265651365,21.7361461111442
2017-12-20,16,10.955160621291173,16.32060267171875,17.414839872897318,9.155424818443636,19.214575675744854
2017-12-21,12,9.60490285365134,13.178991079619855,17.96040096844481,7.805167050803805,19.760136771292345
2017-12-22,6,12.461087883870185,15.498139597292576,16.89554983323215,10.661352081022649,18.695285636079685
2017-12-23,18,10.583274546428141,15.62088413261751,19.813425286054862,8.783538743580605,21.613161088902398
2017-12-24,19,12.509056916239096,16.46384707387305,24.702010672156316,10.70932111339156,26.501746475003852
2017-12-25,13,7.648139274397273,11.853697439300635,14.878459297395947,5.848403471549737,16.678195100243485
2017-12-26,16,8.257401324229814,11.777153760519717,14.279681865592037,6.457665521382278,16.079417668439575
2017-12-27,14,8.479220262911827,13.599263619196975,16.332810266537887,6.679484460064291,18.132546069385423
2017-12-28,19,7.77834388349723,12.333064618064226,14.886303945883974,5.9786080806496935,16.68603974873151
2017-12-29,15,10.39450125662881,14.725318337509009,16.24258490772433,8.594765453781275,18.042320710571865
2017-12-30,27,10.976146928666076,14.037576899284975,17.568476983402242,9.17641112581854,19.368212786249778
2017-12-31,23,11.99094253731685,16.815427000579806,24.080412851453104,10.191206734469313,25.88014865430064
